,0,1,cluster_label
0,-0.12983684438213408,0.0974287383601821,0
1,0.13115844253219658,-0.4094948098308758,2
2,0.4199453737383004,-0.22818678808314002,0
3,0.09069359712112476,-0.27518396035854037,2
4,0.38939501178575125,0.09870905656837063,0
5,-0.3389266045220195,-0.18396557046272036,2
6,-0.8438862689556275,0.7975242404337749,1
7,0.45032370164275015,-0.9347617580265115,2
8,0.4122959747765567,0.5165164832511042,0
9,0.12024382821080225,-0.43916264822168205,2
10,0.08554907280976613,0.019495094854995922,0
11,-0.42753368384740087,0.7232129493512792,1
12,-0.9203914959539553,0.2380738934805127,1
13,0.42917159526446313,0.5363966072800191,0
14,0.7551073371417516,-0.14174168067633336,0
15,0.35305572051490985,0.5588153664992449,0
16,-1.132358927055816,-0.5409962836206199,1
17,-0.4770328198277864,-0.2468047995630805,2
18,0.7050357450471634,-0.17706084616370238,0
19,0.06241168277764793,0.12878033603725828,0
20,0.43085524403439385,0.23034221492821347,0
21,0.3400682493682259,0.04925247666117493,0
22,0.5741463169751325,0.7050186884137025,0
23,0.5230730891765871,0.19038695424652022,0
24,0.08220822431527527,0.13976173754027255,0
25,0.7377980510575737,-0.218009169487104,0
26,0.6092609441755024,0.6345389299023365,0
27,0.031856466643250904,-0.6852150776293046,2
28,-0.4123203171714312,0.6954250934202484,1
29,0.1835361992733195,-0.06227916592950253,0
30,0.21769214281989396,0.011321046001796231,0
31,0.0971554180774348,0.12538332159875648,0
32,-0.5491317143228588,1.094536937728748,1
33,-0.2267496580946308,0.10600146930861869,2
34,-0.10007468846590739,-0.580250487096112,2
35,-0.11601777500852689,-0.2733170394550078,2
36,-0.8103169311944138,0.34636899096776574,1
37,0.2463207573585987,0.4715401509648558,0
38,-1.0156789668555208,0.08285780915621808,1
39,-0.27250295198162394,-0.07107160294938639,2
40,-0.5375362150079834,1.0138217552022981,1
41,0.08159818702461576,-0.17499773448232978,2
42,0.38027673626782216,0.2791816684702454,0
43,-0.3290866869910401,0.08941784582812122,1
44,0.38921811968427134,0.5863742123121061,0
45,0.16081509761822696,-0.6616429230894921,2
46,0.117604599993317,-0.24986582848112152,2
47,-0.22042009655454095,-0.268761669873802,2
48,0.002488758310771964,-0.46763901461737245,2
49,-0.36297355601832554,-0.06366010553891475,2
50,-0.8061472488063882,-0.40367407117422377,2
51,0.11074967601383284,-0.24799483922853632,2
52,-1.089795898914403,0.39055745605894576,1
53,-1.1802311914559658,0.2928609679366287,1
54,0.37360755494108433,0.21011241620126486,0
55,0.40978912526255734,-0.11806249163879043,0
56,-0.5329846339433301,0.7832455747551982,1
57,0.49462449588897456,0.3779716792057807,0
58,0.15551921625105358,-0.7083092246055946,2
59,-0.7154536073103397,0.22989746469454697,1
60,0.33344945662099085,0.36881099903841436,0
61,-0.1612793527896512,0.22723951996618452,0
62,0.16602613997952906,-0.3296858150023032,2
63,-0.7922507088186119,0.3536516299887805,1
64,0.8082371406323923,-0.043065063144033223,0
65,0.1078291011722634,0.010958519778494706,0
66,0.005525523384816456,-0.33667004138329726,2
67,-0.4378683250830458,-0.11678135533096402,2
68,-0.412705615605741,-0.037928852613786555,2
69,-0.0568144490399956,0.02552603125604274,2
70,-0.1315697034909583,-0.763933272457493,2
71,0.025964878589286176,-0.38991085860773633,2
72,0.1323214306370634,-0.26556162470390315,2
73,0.4652318137500042,0.14814631652115104,0
74,0.7196219017890395,-0.3000611510667375,0
75,0.4798940053741791,-0.4468263336756991,2
76,0.16877901587683292,0.49302704246251544,0
77,-0.21198951675295472,-0.3125725441263842,2
78,0.3944913005533661,0.11124294805102553,0
79,-0.7103609223838775,0.6024196092142606,1
80,-0.22185254340652508,-0.5579718995637357,2
81,-0.13498807223349527,-0.660416953139224,2
82,-0.7788781801861817,0.49108161115258364,1
83,-0.04906583846604078,-0.6074229336620219,2
84,-0.015251708094527191,-0.5327450019238087,2
85,0.5022930969705537,0.15043404181538364,0
86,0.411352785686012,0.45730169459824777,0
87,-0.3455715669685918,-0.5157308124742213,2
88,0.4383081322764374,0.3564537322276104,0
89,0.3309662232237526,-0.20623621458784486,0
90,-0.21067137015729975,-0.499183048429733,2
91,-0.180467899274152,-0.4638171168152905,2
92,0.3594547689146888,0.006759853867626396,0
93,0.2304800751877813,0.5165365300625943,0
94,0.6243647792738724,0.18809806299269313,0
95,-0.7585906464137341,-0.545785696565491,2
96,-0.17497224380574847,-0.6456560668383704,2
97,0.16729664821126405,0.004841606512947677,0
98,-0.2617267505261204,-0.1310326415070758,2
99,-0.4463517293694723,-0.29533087920856305,2
100,-0.05609579880996263,-0.22475618019249377,2
101,0.4652643046091133,0.04679647582460183,0
102,0.5047349591142701,0.2888049586394033,0
103,0.6423660872197665,0.3128535944156399,0
104,-0.07736621078394623,0.11884272661669795,0
105,-0.802833890687225,0.03660275365319744,1
106,0.09624330908658438,-0.3187041749496362,2
107,-0.017422944463070664,-0.5347958177049565,2
108,-0.07168978978096185,0.29111633816194354,0
109,0.43844289247429113,0.5989643292051139,0
110,0.06326614393645205,0.030257843341070075,0
111,0.13823327721585668,0.19506213516610754,0
112,0.9119034780292072,0.47692641087567816,0
113,0.20729252650828334,0.3237518688314495,0
114,-0.344852547787886,0.6162059150666687,1
115,-0.09714457288987807,-0.5675184217571186,2
116,0.5803801540332478,-0.08532505180370442,0
117,0.029177838473384936,0.30422836362595057,0
118,0.3834557655248403,0.1915556369893463,0
119,0.014135962549304241,0.16647883845632155,0
120,0.05231621697202552,-0.37295922712066215,2
121,0.1359403658246105,-0.5560658132512184,2
122,-0.5864577555396792,0.5314557163679958,1
123,0.17865667657633438,-0.11451459158853333,0
124,-0.7247780972282168,0.764859348597403,1
125,0.16473204816446935,-0.3310219628187172,2
126,-0.8551155798957525,-0.0038466079925279666,1
127,-0.15210791909381954,-0.6582451457755393,2
128,0.21361128713164984,-0.07959593428721955,0
129,0.14117754595338713,0.13900897593352263,0
130,0.40161569425869065,0.3171907978669461,0
131,0.1605301150732585,0.27827612015100994,0
132,-0.06965796199615108,-0.27424311760989417,2
133,0.15493503155250213,-0.17801667246062602,2
134,0.016690298336697565,-0.3540836129863885,2
135,0.5441241430970088,0.38844223417095236,0
136,0.4770967935964127,-0.379533906417026,2
137,0.3435552839206402,-0.0696016339120644,0
138,0.13337205724521953,0.8048308314180949,0
139,0.49221870661864847,-0.4636985128409208,2
140,-0.812761875671509,0.8820891121146828,1
141,0.08660038814702208,-0.7051032942796255,2
142,0.16674880623589847,-0.4221341813989645,2
143,-0.1707563313155802,0.07548358582655372,2
144,0.3317013400560273,-0.0602856066569506,0
145,0.3485595156137937,0.3771898315453864,0
146,-1.0658167255998992,0.1186013886280454,1
147,0.18198978331779786,-0.599395588228076,2
148,0.5373212985926167,-0.772582767721766,2
149,0.16808288067121582,-0.14615494557332454,2
150,-0.31263789525834024,-0.1716452790053315,2
151,0.39193373244867324,0.5608428439057015,0
152,0.5376013189861569,-0.3271734013986092,0
153,-0.9496299124342028,0.20328096710924592,1
154,0.7061434036184983,-0.3587405879854535,0
155,-0.23375238434613152,-0.01874107356243394,2
156,0.7635081611795567,-0.13179663327881763,0
157,0.3278978099022218,0.2746813673665704,0
158,-0.3222706504815104,-0.29457066301720886,2
159,0.07270710559920861,0.07361661674369815,0
160,-0.06334134123516255,-0.5086881341124377,2
161,0.17008271421150917,-0.4813675852402454,2
162,0.16712497240147287,-0.6286205586876431,2
163,-0.18780395566583077,0.08853393614592804,2
164,0.1839896333781748,-0.41237187580072715,2
165,0.521767483689565,0.45542340457739894,0
166,0.11660886334215574,-0.3503564657885006,2
167,-0.8050615357185349,0.16986026757876746,1
168,0.15619755415706146,-0.6766631224767162,2
169,0.06481540431312956,-0.4148268601445497,2
170,-0.16022602805309621,0.158015684887974,0
171,-0.11837565476120765,-0.4750510568414288,2
172,0.3102864272544316,0.13328388594591525,0
173,0.12360156487401888,0.2977876370873111,0
174,0.41396552540255066,0.08876847415933921,0
175,0.001901562732360041,0.26817176558676425,0
176,-0.8587807932409524,0.1904503367446059,1
177,0.13356685836248774,-0.05884124237591339,0
178,0.19067665125376568,-0.3801163425664627,2
179,0.2926984498093243,0.12740299337147823,0
180,0.5168945028600798,-0.10577063073977971,0
181,0.1850962944280624,-0.14215212087900672,2
182,0.1646196760272686,-0.18380828158276297,2
183,-0.9171613934495082,0.004048748241780526,1
184,0.445360575434259,0.4108855342577855,0
185,-1.0211001072986639,-0.0332906838581535,1
186,0.009024129318480121,-0.5591520030526165,2
187,-0.2946453486627836,0.8850311845462511,1
188,0.34308574260659647,0.151815820835781,0
189,-0.2548085689845749,0.031984649941756614,2
190,-0.2132316771688235,0.015413997260891195,2
191,-0.0057821069876293025,0.06769451850142326,0
192,0.15504799958118448,0.10651156212913757,0
193,-1.265787594927666,-0.25556503094369476,1
194,0.19806077928325627,-0.0015439786344355797,0
195,-0.026971514591753627,-0.05096936277070551,2
196,-0.1742504728651796,-0.10515358973515168,2
197,-0.2083914014803995,0.9114270692880416,1
198,-0.001466065023341664,0.33766599570522765,0
199,-0.1092635361898504,-0.3027682083033417,2
200,0.17212582058171963,-0.28697744549090587,2
201,-0.9641084897281758,-0.34938331908861814,1
202,-0.2081190184771536,-0.13439394919140724,2
203,-0.3330452047663351,-0.1763198134051806,2
204,-0.12625105997125963,-0.5835161643098602,2
205,0.07535308947427372,-0.1242667647246174,2
206,0.5658480358653681,-0.16846323767315496,0
207,0.17420152262457622,-0.012764160802377418,0
208,0.49823941211295353,0.17028120571151173,0
209,0.44575404215540265,0.15968469553850562,0
210,-0.02916821756391474,0.030290412660687275,0
211,0.424284293599129,-0.32469179937365716,2
212,-1.00607736201683,0.3582689497499203,1
213,0.2655076476891228,-0.4172086040526247,2
214,0.34748757005638997,-0.46255703014480376,2
215,-0.8844876880152451,0.544924092324911,1
216,0.2289492899074877,0.031461781651065855,0
217,-0.161882962747742,-0.6764104200532763,2
218,0.5441635811375639,0.3678312792607195,0
219,-0.7992169240606075,0.5002168930874238,1
220,0.5334907386465129,-0.3422643840991728,0
221,0.1229546589454062,-0.45372270736416104,2
222,0.0075002175919536085,-0.5441283840941383,2
223,0.3467650828698047,0.5134087984412525,0
224,-0.2300263766413072,1.062555614971039,1
225,-0.6739720911698841,0.444339026848274,1
226,-1.1279009575618453,-0.043376212236095266,1
227,0.5763250004559878,0.07660538306809624,0
228,0.0997692729040494,-0.08088021435370076,2
229,-0.015847721237931732,-0.07453630524128249,2
230,-0.12021067941497246,-0.3055624342331287,2
231,-0.5324009235119582,0.6852186222251917,1
232,0.6695696807771486,-0.09114893955844929,0
233,-0.23558296580475319,0.13633988265116773,2
234,0.06244132111128314,-0.2748093642304346,2
235,0.1206563303845045,0.12906824301964293,0
236,0.1637007579350528,-0.2085990929844876,2
237,0.04657735795911403,-0.6780618691071654,2
238,0.3029149161147775,-0.20369235507263203,2
239,-0.4268275506846836,0.7016387554476553,1
240,-1.0230231310924807,0.07922143286010332,1
241,0.03559420684161021,-0.11789017625432933,2
242,-0.2999433467035422,0.05429839767073537,2
243,0.005290239966357672,-0.684434492829966,2
244,-0.8110822760611232,0.22800224296596255,1
245,-0.2525160757208487,-0.03393507353291268,2
246,0.2812432027018204,-0.5996180291362584,2
247,-0.8450439829529056,-0.09748592444305947,1
248,0.3438009051934031,-0.43388366860680366,2
249,0.4727072691995289,-0.11773585731893502,0
250,0.3999498727816792,0.4183330452400759,0
251,-0.2795619630237956,0.9058115207065636,1
252,0.4260392313343843,0.15898277002589636,0
253,0.2584553691699666,-0.512183716938757,2
254,0.14261602068359328,0.031408460333892,0
255,0.2373950729875852,0.3333940380237669,0
256,0.22426685415490968,0.2098979038547073,0
257,-0.49962554891878425,1.0752390239779896,1
258,0.19121148926262208,-0.008896737299607516,0
259,0.27511558446829576,-0.08854788979141515,0
260,-0.4441934774519644,-0.11204645741906305,2
261,0.06718892421253635,0.10693198392958418,0
262,0.24972001489190698,-0.22533897043182155,2
263,-0.8529799176027602,0.2923868222359009,1
264,0.20671707344158907,0.1737817807203131,0
265,-0.08200644956412899,-0.32481245448310564,2
266,0.3594798946486952,-0.11479465963755797,0
267,-0.45450984884715195,0.16862336811279513,1
268,0.33374940543638165,-0.5343088507559538,2
269,-0.06073393160293607,-0.09918637500896314,2
270,-0.14365645507815136,0.25175222236638334,0
271,0.058932925014611955,-0.31008023787785605,2
272,0.642048023972757,0.44122944394594144,0
273,0.31472853557952607,0.4258879548517698,0
274,-0.11310307845026221,-0.5995930551012769,2
275,0.03684060724803201,-0.3736490139272786,2
276,0.741176827762801,-0.07847090398261772,0
277,-0.06816558870157888,-0.21773041371651647,2
278,0.0795293276209803,-0.6332741107553848,2
279,0.17722440825092448,-0.43550591762994395,2
280,-0.15752501658611082,-0.11552625988819439,2
281,0.04965465441330881,-0.3484364417448444,2
282,0.24640972379503503,0.09977262491917602,0
283,-0.8804101391804321,0.6482579928807871,1
284,0.31383340012638,-0.20003786589329692,0
285,-0.4536133204129527,0.5475293600813168,1
286,-0.01872115613881687,-0.10927538789036619,2
287,-0.04340135151362358,-0.7053300050201269,2
288,0.05328722172639123,-0.09846438723767847,2
289,-0.01445872050006924,-0.3777159605073232,2
290,0.19361704377688932,-0.5866035942657344,2
291,0.09048170714669948,-0.5562305268980412,2
292,0.02372974719381822,0.2758504843272707,0
293,-0.30289554676042707,-0.26593319721928593,2
294,0.19089647240281687,-0.43435025307077557,2
295,0.6612539940711971,0.04768620225458481,0
296,0.31621235976985157,0.05613456453447215,0
297,0.0268153627320037,-0.34764146575582994,2
298,-0.02469534302827715,-0.390242438017243,2
299,-0.8125539737729118,0.3343481389389385,1
300,-0.9247202608602968,0.24150064742380073,1
301,0.3393613753032641,-0.5198405916377845,2
302,0.6211917067197403,-0.040974750131627456,0
303,-0.19158627170444018,0.10237287539248806,2
304,-0.05648393505418733,-0.6286095498948185,2
305,-0.9002673127016508,0.6402942062940983,1
306,0.7321043248376683,-0.19662014291842195,0
307,0.041486064648615366,0.0796953700464442,0
308,0.19431262264246754,-0.1340072642815973,2
309,-0.15388411219947015,-0.1515693129396948,2
310,0.3399704821528642,-0.4939719514277516,2
311,0.4791329354663607,0.49148482775014274,0
312,0.22949358473443918,0.1554259810637848,0
313,0.10045189745726643,-0.9621635141992927,2
314,-0.5074775968284756,0.5248502759352364,1
315,-0.5255539572474334,0.36034033938020904,1
316,0.1974310700320592,0.3503461873298464,0
317,0.038363177507882915,0.13540199855833285,0
318,0.19758753095539447,-0.5637605331347196,2
319,-0.07482162319544693,-0.28021323388766073,2
320,0.19194846676753444,0.36590615690287553,0
321,0.41808727655519795,0.3187672905770229,0
322,-0.24548633749479962,-0.4097626209572355,2
323,0.7811924438366398,-0.1610728852487903,0
324,0.5872784549839338,6.603293953275324e-05,0
325,-0.9357563956525263,-0.40512254316531227,1
326,0.17357573584764482,0.03179038473896424,0
327,0.3356940510495216,-0.5583510340179668,2
328,0.1545447923499408,0.08525104450165472,0
329,0.002991103682895442,-0.2358395009021524,2
330,0.2995492190796769,0.02978117283656749,0
331,-0.08053280795525802,-0.11227818694519326,2
332,0.5588934561221988,0.46352384254704543,0
333,-0.8552104013654087,-0.08903209113875349,1
334,0.29205916034777435,-0.3490915010402379,2
335,-0.9861177683448029,-0.22915824095600948,1
336,-0.12493597881894129,-0.2588237416790327,2
337,-0.0772572303994655,-0.3769751943041859,2
338,0.5661339380159536,0.4493588559383516,0
339,-0.823382450273022,0.3331570394859214,1
340,0.5260136335687101,-0.04032365931348289,0
341,0.1397695354542561,0.28536766809961434,0
342,0.1826791311149915,0.47966812092820377,0
343,-0.9348014409352879,0.5326242083322319,1
344,0.20018665553487403,0.57003132205552,0
345,0.5369813628404657,0.31991933619584806,0
346,-0.0878503676386055,-0.25259017723227606,2
347,0.5211040456517557,-0.2535912683725391,0
348,-0.002956358391192816,-0.6238418772325848,2
349,-0.29017380034646545,-0.4195652718239376,2
350,0.12104181011724173,-0.5674444306522896,2
351,0.5768644160310297,0.1744483446178644,0
352,0.019262665261581203,-0.062186160941385515,2
353,0.7348225166515214,0.3367239838336532,0
354,0.22652867886226327,0.24069805439146444,0
355,-0.5609523415965537,0.7798507439473646,1
356,-0.333266950015474,0.8835193122236757,1
357,0.16730817077708077,-0.758108402622511,2
358,0.1281119972348585,-0.1394242566916961,2
359,-0.10045852138621389,-0.4444016800378262,2
360,0.19905053336548412,-0.2752342627503081,2
361,-0.07329247438759465,-0.09498238764773258,2
362,-0.22248200386112135,-0.4113972744647055,2
363,0.08088202529471114,-0.42658384985494335,2
364,0.26537751690537914,0.2544562191986338,0
365,-0.017351347211010486,-0.7394191883104969,2
366,0.48355110483020225,0.5614686767616385,0
367,-1.1245944712070997,-0.00113646709665567,1
368,-0.1250495562171628,-0.18190169188803645,2
369,0.19459951297765427,0.30390302620581955,0
370,-0.02801898358057706,0.35089926278326183,0
371,-0.4554304940874422,0.5745835155975837,1
372,-0.16707232098777,-0.35226955876858573,2
373,0.3586162881046794,0.3654671392343165,0
374,0.1355018169485399,0.29481906790575446,0
375,0.2550086757831927,0.15325161773968776,0
376,-0.0903676560898035,0.21787135008421613,0
377,-0.11283197412583605,-0.7280252142091376,2
378,0.06942894377896548,-0.20243260034835292,2
379,0.48254218403200994,0.3192614498661382,0
380,0.28300669800834916,0.43982519040677903,0
381,-0.1264647976669121,0.8935373618141312,1
382,0.2123942053148517,-0.3477747445858554,2
383,-0.861337102684169,-0.6527515358519778,2
384,0.6123284102363072,0.19296605436053524,0
385,0.15235041026080198,0.26781673085633073,0
386,-0.8323096942491713,0.9466476961551195,1
387,0.41859365353349837,0.38944659982500396,0
388,-0.14088931829140405,0.12411328507932877,0
389,0.4784446313037045,0.13333004360584438,0
390,-0.32602085632077676,0.15059022231182143,1
391,-0.3519060934411375,-0.11658053735663994,2
392,0.05805855251650681,-0.2873421511477517,2
393,0.17370187361985784,0.102900312509598,0
394,-0.9898676928695231,-0.20075111361527467,1
395,0.09680808242693024,-0.5454526046256386,2
396,0.33285113546508316,0.4808058374187389,0
397,0.32477799655131334,-0.5391309141067144,2
398,0.4497630047657025,0.5090962038678437,0
399,0.24297020683397957,0.42135065002341326,0
400,0.07991927347419693,-0.6485398520257806,2
401,0.5258011614118675,-0.3641251457594075,2
402,0.3136984321462099,-0.06120028289624426,0
403,0.17131587857082203,-0.7299822636387907,2
404,0.509825948725501,-0.24699385996373932,0
405,0.45782930420220924,-0.5209087171836468,2
406,-0.053665330277199365,0.013549069813799691,2
407,-0.06438623251580462,-0.5459048829892322,2
408,0.12603004088536146,-0.5354789574975377,2
409,-0.10440991035009242,0.8832856479282617,1
410,0.5433782377519148,0.214075132050173,0
411,0.0452727009129011,-0.7287842211289923,2
412,-0.3806919505534978,0.9055032855253636,1
413,0.08064149789334646,0.028856654495286117,0
414,-0.011228055531062972,0.14466017285352628,0
415,0.12462062535873829,-0.5628381448993995,2
416,-0.09324632025819232,-0.5749035350150635,2
417,0.19717496936171744,-0.7076767735671906,2
418,-0.0393708562498748,0.23538856098659058,0
419,0.9083595415701773,0.16997488555790793,0
420,0.05457775575761864,-0.533726531146698,2
421,0.4291758437315697,0.4973849733761697,0
422,0.6480124984680915,-0.09566399321814643,0
423,-0.2778076624932219,0.16149026194635008,1
424,-0.25845555090307215,0.05028406100155477,2
425,0.35575117303657616,-0.49284612471546807,2
426,0.7294395255479853,0.38266359143269646,0
427,0.08650864306701428,-0.6186056907090778,2
428,-0.537967051909704,0.8950921548705177,1
429,0.39873215416994007,-0.3871317314727813,2
430,-0.44091646262835155,-0.17443929998683924,2
431,-0.4180589256292299,-0.1183522246095929,2
432,-0.05116974580819659,-0.44384447854308356,2
433,-0.10652663967034912,-0.600128012013598,2
434,-0.1402935068358955,0.185892160773713,0
435,-0.15231211484402984,-0.39717846449022864,2
436,0.4467640087685012,-0.35869080866044245,2
437,-0.9762181285365821,0.49332785750591224,1
438,0.3752863864804275,0.14093114976356375,0
439,0.4086918463117697,-0.43099416825530873,2
440,0.013468573414573737,0.3783315010699494,0
441,-0.7927542000618589,0.5508849781356909,1
442,-0.8397204943668074,0.2879856602439822,1
443,0.3221636448675776,0.6454501188295332,0
444,0.0002448580518857621,-0.26530444574142803,2
445,0.1537646370534577,0.36533033756126776,0
446,-0.3246205580234767,-0.12063748885861042,2
447,0.33647346643321097,0.21411507749220943,0
448,-0.02142122125362281,-0.32484470414681293,2
449,0.7218791995112241,-0.19513979121548464,0
450,0.4364814127265406,-0.19616458947365775,0
451,0.3294923694923203,0.5135860070266628,0
452,-0.28885478656303365,0.004430159495959539,2
453,0.5053653097487336,-0.15431556675304306,0
454,-0.13551966580139316,-0.2814603753749609,2
455,0.01368850710585429,-0.22137898366376219,2
456,0.6734555217173408,0.05108164587241305,0
457,0.18589414280193844,-0.2704483314363123,2
458,0.31443927945961325,0.5224792903098026,0
459,0.26482016248415013,0.30906215823998234,0
460,-0.5697715769058834,0.9302029119862514,1
461,-1.0425596924667446,-0.3282360630632048,1
462,-0.2029695233879965,-0.3569794839785503,2
463,0.4931901007048065,0.09612044727091254,0
464,0.42077866747621545,0.12441975681980018,0
465,0.21072746226564648,-0.3742758496847345,2
466,-0.06503947777785785,-0.3201766795681128,2
467,0.10381658266465918,0.18114476907816174,0
468,0.30077154325236727,0.25732381141424965,0
469,-0.2069753824818805,-0.8109535395192554,2
470,0.7540780152244975,-0.2425122884061237,0
471,-0.08496490876595755,-0.18206036448807345,2
472,-0.24400708415331043,-0.07139636878254713,2
473,0.016179534365484027,0.01603497822193853,0
474,0.13001079551645647,-0.13046402725724857,2
475,-0.656541971950263,0.30146988019499066,1
476,0.33024854279771043,-0.5230456021711488,2
477,0.18981414155897808,0.4456473799588287,0
478,-0.3323894371899637,-0.372021558619354,2
479,0.03568195118233447,-0.5216530776147098,2
480,-0.051087844153237076,-0.413593359078339,2
481,-0.07922069107428621,-0.2174367299575908,2
482,-0.09937862259119179,-0.41845535430321396,2
483,0.08301920406184621,-0.7868910630170493,2
484,-0.6298772111686327,0.41393456724990846,1
485,-0.04050441869367692,-0.58751269924867,2
486,0.29765556911011554,-0.0352245592955325,0
487,0.36701152596826847,0.442977025140794,0
488,-0.34623922667877105,-0.2961146488549346,2
489,0.11146097661324779,-0.06271084087237974,0
490,0.32573962682984026,0.019967067295607585,0
491,-0.6146305563275484,0.8640940135307269,1
492,0.21888199842873518,-0.976276770950588,2
493,0.33603572358458256,0.38765778008387414,0
494,-0.19121744015711725,-0.5227054563903025,2
495,-0.965350897035338,0.582920380959173,1
496,-0.4571002678479161,0.8621083344449408,1
497,0.7338889698497462,-0.268263129575825,0
498,0.454247586175803,0.48879877898311125,0
499,0.040955376058408294,0.030681867060847877,0
500,0.11333623985712524,0.32940088569407766,0
501,-0.40654720199064726,0.8613523848547275,1
502,-0.5816507587045296,-0.02397085890720838,1
503,0.5723795743330438,-0.2499116609895327,0
504,-0.33426407630964183,0.778303145852324,1
505,0.4979102047941034,-0.19772813302846187,0
506,0.7467916517814149,-0.2860233494275319,0
507,0.40272144999753623,0.10748509002131482,0
508,0.03682704195124269,-0.47807253376236347,2
509,0.357042606227953,0.4445453745781099,0
510,0.09386166326289572,-0.054116853513968735,0
511,0.29604218906091506,0.4391012869007713,0
512,-0.24308361136216364,0.1061844482406413,2
513,0.5987031873550605,0.13691204066207566,0
514,-0.6481638969943772,0.4332171589603168,1
515,-0.07074374921408312,0.09087458489508156,0
516,0.33550923753806394,-0.002752233193830178,0
517,0.2682481195524707,-0.09707163771054977,0
518,-0.17525559462144386,-0.52479727282,2
519,-0.16415548483144615,0.06550419167280183,2
520,-1.1544192321955078,-0.3054172885113272,1
521,0.4711295311314596,-0.23706597921550132,0
522,0.21001240724162065,-0.6031026643010098,2
523,-0.2021623032295824,-0.2431775757016737,2
524,0.20027290458172106,-0.3251904060972133,2
525,0.5392894061893097,0.11588760827049224,0
526,0.21094474796468213,-0.3304762980191091,2
527,-0.8631550241681644,0.08045280989298632,1
528,0.3685315962845789,0.28473011407465343,0
529,0.022617029681512926,-0.06894977275686727,2
530,0.7765606046215116,-0.204564270023034,0
531,-0.31341882653659797,-0.22685817436359523,2
532,0.30209723198589644,0.47911177644324926,0
533,0.10602891176549703,-0.47939596383705746,2
534,-0.06243206060987042,-0.5124433613709517,2
535,-0.1978345360551442,-0.15915459168182458,2
536,-0.047797451131926454,-0.638134386503376,2
537,0.16148150963340616,-0.8165168935896086,2
538,0.34083060990287395,-0.32411246591317605,2
539,-0.581354463330846,0.6796943394941092,1
540,0.3327538167580228,-0.38398568614968764,2
541,-0.42297765380071145,-0.2788094850855614,2
542,0.32437625294135725,0.4776740597798846,0
543,0.3293415388615095,0.19141325563840078,0
544,0.4671992695518357,0.08930771271093141,0
545,-0.26332126954049473,-0.4134483366635576,2
546,0.2759850418420621,0.33577178311136396,0
547,0.51767814252267,0.371580013242807,0
548,0.5058438998801016,0.2638766437159634,0
549,0.2992854167466534,0.0874892546571924,0
550,-0.3168748220897155,0.7997301514244708,1
551,-0.7596166662482244,0.10119584407847315,1
552,-0.12203279966537715,-0.10307789026643221,2
553,0.15257429456467905,0.32968663117029395,0
554,-0.424806726898953,-0.12513889783779855,2
555,-0.4767774480134788,0.7631466340523924,1
556,0.006462185530644386,-0.640039111606516,2
557,-0.31053831942813964,-0.33083450423048044,2
558,-0.5721337682723583,0.18413324503563153,1
559,0.3234976936196296,0.628491611485627,0
560,0.140554394122292,0.1873018702336808,0
561,0.0660274633105641,0.004529541003810064,0
562,0.15285450738909637,0.5588948925559795,0
563,0.11677567966378168,0.3663725261359342,0
564,-0.3814521545013439,0.6846257700520673,1
565,0.014553003894454538,-0.4861634343240491,2
566,0.11261318610048734,0.08539850071163829,0
567,-0.6008420804603327,0.8310174814993484,1
568,-0.3102586709611463,0.7683671786213249,1
569,-0.5687258750557956,-0.33749790653370265,2
570,0.43718610741092817,0.45504517528104466,0
571,-0.3716820619441928,0.5934465815110217,1
572,0.1466861570437274,-0.34566529905662113,2
573,0.5050661988364279,0.43831970853216873,0
574,0.707404152689678,-0.25338847508355644,0
575,0.0683584255086955,-0.0786774377669064,2
576,-0.018240134378392888,0.24402054228075215,0
577,0.2395236227402286,0.1750645896188223,0
578,0.7253733234861489,-0.2336461709946647,0
579,0.45130374217895697,0.051172997482317316,0
580,-0.6252914487437155,0.6075541660971162,1
581,0.1456680004707003,-0.4488226841413334,2
582,0.44809122665906503,0.19414094444574742,0
583,-0.09643624885854782,-0.8064801546921706,2
584,-0.7533330191317823,0.8662399487464707,1
585,0.6501252625916368,-0.25017759609179185,0
586,0.30678956287142434,0.29663674865239653,0
587,-1.0495452887053704,0.14951407506054698,1
588,-0.3369214776496773,-0.4412597891380067,2
589,-0.02031467926368364,0.22858043873694217,0
590,0.40110142373899316,0.4375868719745301,0
591,0.026816152945836374,-0.46865354240865537,2
592,0.30261106839011037,0.25374051203721393,0
593,-0.03979185191321101,-0.2568892277529538,2
594,-0.5757557655777451,0.4340296886723208,1
595,0.6411929339611799,0.1288140570453595,0
596,0.09440025847697603,0.04516981222156875,0
597,-0.7393651197727513,0.30805120132037106,1
598,-0.44904080219973624,0.8004679930492609,1
599,0.2717496977898593,0.546029179308436,0
600,0.19400193122657033,-0.09886067328554125,0
601,0.12047391293052766,-0.49779780260557577,2
602,0.39773146605341175,0.03587817624659449,0
603,0.673010175640488,-0.06536994449786362,0
604,0.14005555798593272,-0.3601360509340542,2
605,0.012259919136776964,-0.000746787304198089,0
606,0.09963532679670699,-0.03427887124084045,0
607,0.07832751145648134,0.14311710882553524,0
608,-0.13367269828823214,0.030739865420181225,2
609,0.05819799588134479,0.013916016387715783,0
610,-1.0711494443900917,0.30351079437162265,1
611,-0.25301213386917276,-0.16317153306949528,2
612,-0.11000437725697002,-0.8997097140231506,2
613,0.04413715947499602,0.4207526061422976,0
614,-0.07183783171124611,-0.06227241169248963,2
615,0.14836403751957267,0.28333778044251806,0
616,0.29372497020582583,-0.28341395975955463,2
617,-0.37755016034272343,1.0839128700851812,1
618,0.69022665923132,-0.41930912197963366,0
619,0.41835606190768504,0.5579084982314978,0
620,0.4014783364942884,0.26436253787348213,0
621,0.14636620839127235,-0.6150108613750559,2
622,0.46133859011200334,-0.1752840749070809,0
623,-0.05794157176042685,-0.7667092992399518,2
624,-0.29148261412110704,-0.24624295578508723,2
625,-0.2979787229399536,-0.8086841928251456,2
626,0.045331944501447174,-0.3654641126836944,2
627,-0.3758481079648896,-0.6573010868168007,2
628,0.3252328998939662,0.4368493331851308,0
629,0.3026501495107695,0.4122577496616043,0
630,0.34717849628564035,-0.24049929024544492,2
631,0.05484102395125752,-0.07496086243410766,2
632,-0.018033853623697617,-0.15185081959463623,2
633,0.18331472465250506,0.46566151186026383,0
634,0.19152902842354236,0.6037380052731528,0
635,0.1657027675398611,0.46995107888136783,0
636,0.13362729490128733,0.024792741764797187,0
637,-0.301212340205439,-0.25658107292572124,2
638,-0.008902402850896775,-0.18547066768952353,2
639,-0.24138528106988416,-0.008129726304995798,2
640,-0.24141831745123066,-0.7170992786807235,2
641,0.22499380718270984,-0.2900746747807141,2
642,-0.6828550356791959,0.20365822058539207,1
643,-0.33786837988174295,-0.41349263103480516,2
644,0.11114897267822291,-0.01972443223778513,0
645,-0.041513305332599365,-0.2891625309610945,2
646,-0.09480656970356602,0.3303969186597017,0
647,0.22263494980594972,-0.3640456332355405,2
648,-0.29089635678930753,-0.1740708702002733,2
649,0.23050205165228155,0.2617142697713866,0
650,0.04207526943536344,-0.4945606159672401,2
651,0.2769062990273229,0.07364711773306265,0
652,0.42884951083330125,-0.5241500558817491,2
653,-0.1524404837134652,-0.30265012668941094,2
654,0.16088136228778066,0.08218185825562244,0
655,-0.3459473333986625,-0.6789320483524025,2
656,0.22388715203867351,0.5359332486522358,0
657,0.525371318843211,0.5680494709895961,0
658,0.7023211751930155,-0.27576735854242246,0
659,0.07883307259908168,0.48280432268468976,0
660,0.7213986230868222,-0.14136067754871384,0
661,-0.44092358818076777,-0.18423834446143536,2
662,0.16195975082473757,0.3142282327500979,0
663,-0.05665875296567073,-0.2991914475684409,2
664,0.4154923608164575,0.4943360099243029,0
665,0.1378063665581248,-0.05008657797687634,0
666,0.5446797480236195,-0.09479612578158389,0
667,0.29271579896245997,0.19986002988484206,0
668,0.4380559119190176,0.46474613769257195,0
669,-0.23944631781372966,0.0631173422892531,2
670,0.31174607162839413,0.5128037417932413,0
671,0.272806027936431,0.20436660044322721,0
672,0.19440422980524835,-0.1739837694473676,2
673,0.10968370639292296,-0.6617502475727238,2
674,0.254640528747453,-0.6014514842203411,2
675,-0.3643338947360671,-0.016456180833613474,2
676,0.20010069700737343,0.3067022201358104,0
677,0.43344490879736786,-0.4584467533530681,2
678,0.15236506791049337,-0.277735342189038,2
679,-0.2916014832840122,-0.3210893439171106,2
680,-0.37007512273160437,-0.18641010811702163,2
681,0.7233469541498337,-0.33542507354504614,0
682,-0.03001283067722296,-0.6744736141603384,2
683,-0.09783024308394352,0.20128915791778731,0
684,0.02952297064337565,-0.4795717141773027,2
685,-0.2462780012736288,0.1605946259624948,1
686,-0.8328088538491606,0.19199415579237336,1
687,0.3011828321762614,-0.35315736306672874,2
688,0.07880188666228657,-0.20532108802090776,2
689,0.33206119810444396,0.18960396207618244,0
690,-0.6435680695339447,0.6908201864736061,1
691,-0.16843967441529772,-0.46036488579712226,2
692,0.1372413071175912,-0.32364513768059605,2
693,0.4909331963813935,-0.15799911111653722,0
694,0.26353290602422774,0.004927792681218587,0
695,0.021436019863662593,-0.4225294386030432,2
696,0.31043058705231996,0.5396270283672663,0
697,-0.16366771888383624,-0.6188821492674946,2
698,0.38974608131829075,0.29277311614617896,0
699,-0.6623615154709098,0.7140888313191621,1
700,-0.24164921429161668,-0.19707448479444287,2
701,-0.8349382993866207,0.6049293600613953,1
702,0.3577653048281182,-0.7847572380041661,2
703,-0.01554233268503529,-0.6203447772002847,2
704,-0.03362955846415982,-0.09740198995581827,2
705,0.0887685467231773,0.2018143416912835,0
706,-0.4354799429189828,0.9304898228605731,1
707,-0.6855161343648589,0.1745698526148465,1
708,0.2707408203831242,0.35443414474015,0
709,0.40216563880183404,0.051393484294809874,0
710,0.0020864869065142784,0.043339061457871725,0
711,0.26059338854924424,-0.4026378247992272,2
712,0.4609184658501055,-0.10143736630363313,0
713,0.46382650299259953,0.6061142028668937,0
714,0.26314839512175375,-0.573330931694666,2
715,-0.21052325944840314,-0.3797436384107,2
716,-0.47006632243143043,0.41222371745584624,1
717,-1.1952350798291342,-0.24888047560923665,1
718,-0.33567029864202785,-0.14645503756916162,2
719,0.5933463080080895,0.018854670483532378,0
720,0.3473850817767301,0.46318959841781154,0
721,0.53149834094559,-0.3556715376327192,2
722,0.2996633294653731,0.24285568403429564,0
723,-0.7181609533544993,0.30855385702625193,1
724,0.5275658278610087,0.1457423326593448,0
725,-0.2817215555463717,0.7445935561749609,1
726,-0.008399677256041743,-0.16201171866621716,2
727,0.04284490539430193,-0.8487073938921632,2
728,0.16815822368995498,-0.18760334738033993,2
729,0.006551643559791961,0.10722316905736287,0
730,0.2222262276694524,-0.04242687699602788,0
731,0.1669056661460496,0.21524007366962314,0
732,0.35736286933104816,0.019639920550940562,0
733,0.0707854654730961,-0.09092165756060543,2
734,0.45882813585048443,0.204693503427942,0
735,0.16094671470575164,-0.4651603754024815,2
736,0.17668516243410987,-0.5773899988883459,2
737,-0.6128140152256902,1.0420144531167363,1
738,0.0035590881995123855,0.3925581770628997,0
739,0.006077615966412459,-0.7077072772368967,2
740,-0.059214462346915346,-0.10399640937108594,2
741,-0.9564114826594076,-0.36824753986892816,1
742,0.1946005933026671,0.34111650341833055,0
743,0.2273825688363149,0.09431448642748683,0
744,0.2928997385192598,0.533249285479124,0
745,0.46800125510429735,0.00909527538424215,0
746,0.20980581229855316,0.15239177048714414,0
747,-0.05212873768604992,-0.5626842224524233,2
748,-0.19548234978746742,-0.5657147258082819,2
749,-0.25042356129490584,-0.6485137650207217,2
750,-0.11041626588871085,-0.05255279725209834,2
751,0.40220157438904486,0.34681192414096,0
752,0.16343216743646247,-0.5649075198366901,2
753,-0.0016239638782657203,-0.5444786338753029,2
754,0.19576600471504024,-0.020693269546673807,0
755,0.08491093265183286,-0.516654748193176,2
756,0.25929963116698324,0.46087457692753453,0
757,-0.608490132291261,0.49815056809457625,1
758,0.4255485987648581,0.47619881571217165,0
759,-0.01602089966075541,-0.6774709243034055,2
760,0.018795246234215083,0.04095759326661534,0
761,-0.1685879554474153,0.24414486393254092,0
762,0.033018990928301684,-0.485723961873853,2
763,0.34128618828376905,-0.3161120727452015,2
764,-0.007888386936420511,-0.596753248200674,2
765,0.2024305502946309,0.5235756958250388,0
766,-0.11878071736247305,-0.7341387965437965,2
767,-0.38104472200439515,0.8953410948505748,1
768,0.10152821997089274,-0.726246482737911,2
769,0.6969662090389083,-0.21152037079845157,0
770,-0.377648518392564,-0.1833042950291242,2
771,0.31634754934311493,0.3366836182824447,0
772,0.01541158475823411,-0.6553366228970551,2
773,-0.5986368166791923,0.3454003107233512,1
774,-0.8661117599412492,0.08853690873829771,1
775,0.2521884331314816,0.32802244793251084,0
776,-0.2219549819184996,-0.28666346001056225,2
777,0.06446656277792844,0.2566790468398645,0
778,0.4266776632297442,0.7769777451366576,0
779,0.2906770676564669,0.46436485120282217,0
780,0.2692986451347981,-0.02358701705800418,0
781,-1.2545343403180433,0.4061293022611781,1
782,0.02948255423191061,-0.7022185406612262,2
783,-0.3661794638953655,0.7498842555818839,1
784,-0.2797542093355481,-0.5105658317030409,2
785,-0.1236588689613881,-0.6293394628249157,2
786,-0.25238544137286295,0.08437337420107312,2
787,-0.8409442439549932,0.1278054165594098,1
788,0.33499632586859424,0.4112798035841893,0
789,0.12674752438527973,0.15030494959835458,0
790,-0.05639669338944538,-0.29204385458760457,2
791,0.18332764785638797,0.19362940054401492,0
792,0.2922973691734133,0.5459730938225648,0
793,0.5427279880236193,0.05749773569592663,0
794,0.4107251162714772,0.5793297537615503,0
795,0.7792048400024408,-0.2613055362547149,0
796,-0.12869903068976415,-0.167212185427616,2
797,-0.6761301312929255,0.812388551645213,1
798,0.3596391193775514,0.12111429953637692,0
799,0.03173197542028209,-0.563871395105071,2
800,0.4151515655360472,0.6822597011433702,0
801,-0.6950842143900604,-0.26356556550257476,2
802,0.10072541997675293,-0.23501023236123683,2
803,0.2697964441318065,0.6411050757932081,0
804,-0.1511656519837903,-0.8135087052747814,2
805,0.043517074711990816,0.1849057930234949,0
806,-0.7983520965907458,-0.1729224075684935,1
807,-0.1967964673444657,0.026708246067166222,2
808,0.10726618666207126,0.003632412325083873,0
809,0.16666451433099222,0.18143069633850067,0
810,-0.7671428619097747,0.6537807458806171,1
811,0.013833607248719595,-0.5724656584532353,2
812,-0.15756133419339383,0.2418549830341844,0
813,-0.47808811159117165,1.0260834283916016,1
814,0.028984717728453978,-0.0769985454090816,2
815,-0.11186310178798499,-0.49978696450102544,2
816,-0.1733311035994958,-0.23128724488467825,2
817,-1.2658882045981703,0.6660539341697329,1
818,-0.04349308783031795,-0.1503712963229197,2
819,0.408478064612191,0.21378005879633163,0
820,0.4032983500362579,-0.13004457786561308,0
821,-0.27982953769251784,0.11937114699692462,1
822,-0.236788720352561,-0.39230019581764586,2
823,-1.1095623679949573,0.32429680457480337,1
824,0.5898200261986197,0.47985696280057116,0
825,-0.4397943372664118,-0.20932048834133052,2
826,0.3465823567801739,-0.6903263631376579,2
827,-0.41784884464030037,0.4101467908431136,1
828,-0.07992507033532979,0.04520283867637759,0
829,0.061552760334515386,0.24034745124688253,0
830,0.23497729720705285,0.0407714282438205,0
831,0.1484917995690567,-0.48448233695053694,2
832,0.44394616658744096,0.08443797562959574,0
833,0.2353546144284623,-0.024337409528922927,0
834,0.4429375679734917,0.2917111320426403,0
835,0.17296563359577366,0.23151095882191794,0
836,-0.6631051395544783,0.39706963255629557,1
837,0.08204425609620201,0.3396111937918691,0
838,-0.9044759832057624,-0.6675893492860848,2
839,0.22170591942599394,0.34956722686227704,0
840,-0.29792679157408347,1.00850146560039,1
841,-1.1308745350641525,0.18460168380104913,1
842,0.42985269216590694,0.2785586765469045,0
843,0.2804775008254589,0.232103543055479,0
844,0.04358503972864852,0.13997347336894905,0
845,0.23201210373627684,0.3144070923431326,0
846,-0.335368702236797,-0.2490635319105969,2
847,0.044078358892253484,-0.4183898132631332,2
848,0.03714712011938455,-0.04722424781059046,2
849,0.08795005116452034,0.16123732053284465,0
850,0.5590910915615613,0.16071289259165356,0
851,0.31820271544975653,0.5110175994235497,0
852,0.11026289282481597,-0.40686667720955355,2
853,0.36432915616789335,0.5410661997532331,0
854,-0.7922654666889213,0.05605743804491004,1
855,0.2865197989427022,-0.33567343441613545,2
856,0.21447890523326682,0.17790250608372793,0
857,0.41506026050685585,0.35017192750121845,0
858,0.8843710988389436,0.16885883310925115,0
859,-0.06738040542034135,-0.4186343657983923,2
860,-0.6247580461554497,0.4465214756412375,1
861,-0.02487486153342219,-0.5304118750670289,2
862,0.17327003336482782,0.4515879450255203,0
863,-1.166138753769784,0.37273170197612554,1
864,-0.5145994207239525,0.6686915829345019,1
865,-0.16480064003589012,0.08570412923426206,2
866,-0.5701336589998257,0.6565608130425934,1
867,0.2818079479950055,0.09053076366724483,0
868,-0.1882379902029291,0.0655234459515923,2
869,0.24002306208141014,-0.11402348435775525,0
870,-0.5321062976131603,0.6100647743135309,1
871,-0.8322358235103545,-0.28260947804168357,1
872,0.30681726012296723,0.31513156950868193,0
873,0.26499427454101443,-0.09612436562553021,0
874,-0.03307494680286423,-0.28673851447196363,2
875,-0.47646244958447537,-0.12979590057435045,2
876,0.05642327262399927,0.3176904748958308,0
877,0.4254905471289241,0.061579899001460374,0
878,-0.3452106026089051,-0.0771988679971095,2
879,0.11049077744594031,-0.18028021543847242,2
880,0.5907528105592073,0.19136725707891625,0
881,0.26422649246522156,0.6078533439725307,0
882,-0.07870762364851097,-0.7068660616279738,2
883,0.28633131979112303,0.6358425377444317,0
884,0.427575566787874,0.5768156373442546,0
885,-0.10049096022241559,-0.1493444881606892,2
886,-0.26707672018116363,0.005295629742782794,2
887,0.5377562546482855,-0.3723850315943373,2
888,0.031356983714180116,-0.13434136344040418,2
889,0.7505857316843217,-0.22026073735252846,0
890,-0.3879931831255494,-0.01232863807953072,2
891,-0.49183560315480634,-0.2073938406999838,2
892,0.2765906479765613,-0.41164298689382894,2
893,0.3241321998504816,0.4650106590227037,0
894,0.017106186231794253,-0.42909623784369527,2
895,-0.04065148700351296,0.28056130792573747,0
896,0.6223363807667501,-0.2984806399830335,0
897,0.3217300278633663,-0.35700027772715437,2
898,-0.9831704701675047,-0.28499320261226535,1
899,0.06038311197769226,-0.6713597042536618,2
900,0.1856574964906196,0.24963977278297264,0
901,0.5171580681177498,-0.29020044870855966,0
902,-0.07000039999791868,-0.7170463975119,2
903,0.29109293769174605,0.16739573195426533,0
904,-0.8831626033404573,0.00028805127005762074,1
905,-0.05554629733446075,-0.4738974573187368,2
906,0.13313020499677267,0.2246976837690853,0
907,0.496508947525653,-0.4108115456117855,2
908,0.3856812032694137,0.17881895039593587,0
909,0.3742729344512699,-0.15371851955769883,0
910,0.046432158047781016,-0.13925869034337368,2
911,0.02023331107436657,-0.3437268635752695,2
912,0.594245479328382,0.13542175569149678,0
913,0.032430094700398766,0.1494004802028641,0
914,0.5013819907248536,-0.4401177764247537,2
915,0.0581769525227313,0.12271004169099545,0
916,0.36586623881061137,-0.35275576265766023,2
917,-0.1586467618882655,-0.09398524016005187,2
918,0.2548773401659192,0.46552400520165865,0
919,0.1322457645772684,-0.06248254041409774,0
920,0.16458341805031892,-0.5581819013256754,2
921,-0.7372641653531629,0.5720018317264511,1
922,0.01359144161464361,0.04176972284352871,0
923,0.23140123607463378,0.1479641187430094,0
924,-0.512262095400622,-0.1604380628346728,2
925,0.569840214409653,0.1448416199331245,0
926,0.4622257680154402,0.04483459038703712,0
927,0.3049315306979569,-0.10661029920686517,0
928,-1.1160663335375485,0.09594136465882436,1
929,0.6173505716432633,0.6126548641269686,0
930,-0.03262590511531015,0.23942107487546718,0
931,-0.8688626022507366,0.7680457907206377,1
932,0.7611781285062881,-0.17111665208754456,0
933,-0.03475089497214239,-0.03503325438660289,2
934,-0.14731647276036366,0.1191045723620188,0
935,-0.30794779713054415,-0.29316325983016767,2
936,-0.520844800608319,-0.41801761532138737,2
937,0.799683766175305,-0.23141034336225375,0
938,0.31108916145793913,0.11586580841700765,0
939,0.3496652600858622,0.45352377957165396,0
940,0.1234963389961552,0.011118625582472227,0
941,0.3045015524367265,-0.4822110873429429,2
942,0.36822986678106734,-0.35384703425555003,2
943,0.1577888240666047,-0.2951628225928824,2
944,-0.8450234216352296,0.8766229942354957,1
945,-0.15344313970143186,-0.6753359589040561,2
946,0.25238195996066776,0.32283764222607814,0
947,0.2794235145329021,0.0693580316918311,0
948,0.13918104203865017,-0.2074350824386455,2
949,-0.1671060332117635,-0.07089497516285806,2
950,0.4514092811193695,0.5738422663880549,0
951,0.03921541686387081,-0.2672239852015922,2
952,0.17053849326437312,-0.1582419898867968,2
953,0.12956838317215835,1.0134676528046094,0
954,0.020574018971090475,-0.36535485638680765,2
955,-0.06772130399346143,1.010215087260283,1
956,-0.1882183501912592,-0.621217269116734,2
957,0.06300613473012784,-0.26265840832899323,2
958,-0.31128102642020195,0.10773229053669522,1
959,-0.9355897654348476,0.04360847747348213,1
960,-1.0429134772215447,-0.06208664260454888,1
961,0.13888916863089962,-0.15328772634737828,2
962,0.4002139325259154,0.5100550372267987,0
963,0.5596529636727898,-0.1795841085370622,0
964,0.22644701973072168,1.1973593167189356,0
965,-0.07902840388712008,-0.6359333451589304,2
966,-0.9547653779674264,0.7256851484014344,1
967,0.4884243779769578,0.1842526541627725,0
968,0.36178890761073323,-0.007064928558453649,0
969,0.2379596667278821,0.40964569292686553,0
970,0.15547103452389632,0.39889969269466685,0
971,-0.7879599789808323,-0.08140748981472798,1
972,0.0999005383040667,-0.6120107917412777,2
973,0.20388221981213306,0.14535097875203912,0
974,0.13065378950717396,-0.1356927395442075,2
975,-1.5049121476013163,0.0793177220721386,1
976,-0.040641116151373426,-0.7091299325743529,2
977,-0.625951074936196,0.5504305367407007,1
978,-0.05159244150095142,0.2146406319384135,0
979,-0.2666749357034521,-0.3833729924095161,2
980,0.0965606540187536,0.11203745452801746,0
981,-1.0405350705690655,0.4769549990542849,1
982,-0.036782386437769314,-0.24266217415570637,2
983,-0.02381079690069462,-0.5118796762926197,2
984,0.41542578583607986,0.007681503360908953,0
985,-1.1907509240986212,0.5975496078322601,1
986,0.12074656971292919,-0.633285992679566,2
987,-0.2167793648813426,-0.15620543671254208,2
988,-0.12334818888647889,-0.46874982533998943,2
989,0.81339733030636,0.4494158155139148,0
990,0.7181948466686651,-0.17438080085225968,0
991,-0.9768924302868529,0.4457886711200582,1
992,-0.03421989215301846,-0.25492123668180383,2
993,-0.05244261043528569,-0.3905139887160054,2
994,0.11435925652419242,-0.25239917449289556,2
995,-0.1815980985327828,-0.5013087191698752,2
996,-0.10948376876766984,-0.21270675900614264,2
997,0.5356382558094961,0.1481793287744061,0
998,0.036443140566884774,-0.3469741426763102,2
999,-0.6691652532401735,0.37672447586257823,1
1000,-0.014949276480963178,-0.03007490681248141,2
1001,0.22051032068720242,-0.3513932414019177,2
1002,0.3493373172657701,0.0674622051131069,0
1003,0.3366489342770605,0.16553976615999969,0
1004,0.6026200063543377,0.8522890160290812,0
1005,-0.21013155051776888,0.1330064105869818,0
1006,0.019810431317165214,-0.575648093303405,2
1007,0.6098693916878288,-0.26443984177249047,0
1008,0.5532370444274796,0.03786394314354754,0
1009,0.31963059073284933,-0.5129737752088489,2
1010,-0.2275580885015375,0.740805607412795,1
1011,0.1481598943380848,0.06693073573213634,0
1012,0.2844612317728819,0.48522527564075546,0
1013,0.18037603037791128,0.5615313170695544,0
1014,0.1488382814373074,0.006576365926426279,0
1015,0.07431762506939102,-0.34343704991699137,2
1016,0.011795597259787552,0.31618757265139846,0
1017,0.09033098626031202,-0.24300554681578942,2
1018,0.11764275161847874,-0.6061492641297971,2
1019,0.24159483087213007,0.09267147956845027,0
1020,0.3289071190367594,0.02631794333240428,0
1021,0.30033741394844393,-0.04723136246318036,0
1022,0.30497981264164065,0.210473115768251,0
1023,-0.02485640603661367,-0.1696043830994572,2
1024,-0.6129627549989309,1.3061168607855,1
1025,-0.35512725685992425,-0.25670671897645037,2
1026,-0.5023749748954026,-0.17624495504992035,2
1027,0.041059076633744473,0.25625672773034486,0
1028,-0.268279003174519,0.9536636222487347,1
1029,0.022355465126517034,0.01932642221736292,0
1030,0.2771641499067973,-0.07345222618443623,0
1031,0.23435610761594342,0.327347803634067,0
1032,-0.8038070250778272,-0.41664689581629294,2
1033,0.39825205357259785,0.011302670805862499,0
1034,0.24637545478491138,0.20582510619739636,0
1035,-0.9293091553324199,0.09180269019753506,1
1036,-1.1107645786201281,-0.04093417770002087,1
1037,0.4239584133162093,0.18602728743085772,0
1038,0.14347497318277244,-0.2928531286699125,2
1039,-0.568566030906627,0.7637221069174815,1
1040,0.1954279926348777,-0.044733101953442225,0
1041,0.5921718647663903,-0.26060482423717685,0
1042,0.3375294758935977,0.0952183210134797,0
1043,0.7333534768321007,-0.18290199360510348,0
1044,-0.21470194889690344,-0.33707683206580596,2
1045,0.339734782100284,-0.2507239896004642,2
1046,-0.4564985804143889,-0.2181315803108592,2
1047,0.17131092911245357,-0.05647641303326328,0
1048,-0.32291611195522246,0.6580807746618009,1
1049,0.44325047966870434,0.1767242846114301,0
1050,0.33262646442025334,0.15622474915780107,0
1051,0.42713161740779215,0.21037831816708036,0
1052,-0.9800363277221972,0.27685506397001525,1
1053,-0.3571133503348907,-0.9150738729226338,2
1054,-0.8640062019062532,0.23704529196218935,1
1055,0.2792779010333327,-0.007542023694043414,0
1056,-0.24728276774303443,0.015162647694188994,2
1057,0.2301832668245863,-0.0268474841638819,0
1058,0.19899391045479561,0.1477584542612522,0
1059,-0.22986011894507982,0.08331421646083315,2
1060,-0.4972807172917675,-0.21816134833879436,2
1061,0.6562224356373924,-0.24040773141505556,0
1062,0.3786059234713316,0.19972964609157073,0
1063,-0.9828598555214627,-0.18906028082040738,1
1064,0.5293257671543506,0.20656894435573622,0
1065,-0.8009127502866407,0.51044348036614,1
1066,0.14732654983443721,-0.40531015312871865,2
1067,-0.39748541363633183,0.5236885879100714,1
1068,-0.22154491712472485,-0.0989314663992779,2
1069,0.19865365845662403,-0.32557102918638914,2
1070,-0.3549348499974977,0.026969367274781986,2
1071,0.36809110338768186,0.553906567150907,0
1072,0.2335443565909366,0.44491345037833446,0
1073,0.2577435299669752,-0.31227909342689086,2
1074,-0.3463952958587239,0.931032189506247,1
1075,-0.39770289464131714,-0.056636585763443575,2
1076,0.4938779934240724,0.19321944599714272,0
1077,0.703387004071423,-0.7361864909771139,2
1078,-0.5271352421285898,1.0345197801674804,1
1079,-0.01364303197739112,-0.3985721820977939,2
1080,-0.24103307675458285,0.9147750845839933,1
1081,0.12948717778418492,0.137440343349773,0
1082,-0.17936068674115396,-0.588029518278034,2
1083,-0.03666999523393024,-0.320912377701798,2
1084,-0.10659613811712591,-0.7640519786711534,2
1085,-0.28601970128729687,-0.13732044238193433,2
1086,0.43928200999327927,0.4296003798373868,0
1087,0.5220227617449555,0.112949843391841,0
1088,0.07547872854908837,-0.14986369934835322,2
1089,-0.7525234885610586,0.3336787009617637,1
1090,0.37784322560465405,0.2342253450659579,0
1091,0.23256861337896584,0.2681359276292163,0
1092,-0.9222591890789539,0.8478915080776764,1
1093,-0.4820015521658798,0.2465973470756328,1
1094,0.2355495705148376,-0.6782987362911077,2
1095,-0.15798607238144416,0.4942680018648291,1
1096,0.19520154098443868,-0.6150685077879403,2
1097,-0.3884894662389238,0.7197990830432011,1
1098,0.1192225567498999,-0.07853367154627927,0
1099,-1.013447012984979,-0.061937880551201106,1
1100,-0.13031500450735348,0.6965002815751206,1
1101,-0.7342619580409327,0.37973978505046607,1
1102,-0.4058101348759731,-0.17813184513944996,2
1103,0.6475569971604745,0.02736088702900176,0
1104,-0.1997344728348712,-0.23667592052809644,2
1105,0.238557580570289,0.3477234356257272,0
1106,0.14524723203547452,0.30851002052646476,0
1107,0.5026738264412015,-0.42001173017011684,2
1108,-0.5280084971241934,0.6295699719089001,1
1109,-0.5066142226761745,-0.2521290452536917,2
1110,0.015153493904643555,0.038044611163774784,0
1111,-0.2688917482068671,-0.30916276935178433,2
1112,0.27468897559755906,-0.1270679729347141,0
1113,0.05330581352592732,0.2516312983084567,0
1114,0.24526589431422754,0.5210272216691453,0
1115,-0.24614002305458305,0.8570621988642909,1
1116,0.28427456135154416,0.12692778785004621,0
1117,0.2005140568091274,-0.04104615985237908,0
1118,0.5498585251337985,0.24959833827701344,0
1119,-0.3649499890190716,0.00990577497554619,2
1120,-0.2238021368231608,-0.5864609781042872,2
1121,-0.7167115493800272,0.547048410484918,1
1122,0.07143871901450141,0.37440712517672936,0
1123,0.34096490273228575,-0.3431560184796624,2
1124,-0.19804254533331042,-0.5802131650878376,2
1125,0.22720927821091128,0.39691174830814036,0
1126,0.035147447152852465,-0.17280538358382852,2
1127,0.23766831512299952,-0.7530175526869058,2
1128,-0.02588634001958074,0.26291996942039025,0
1129,-0.45682318869373034,-0.10474851788486582,2
1130,0.3208144054300933,0.23199309252472589,0
1131,-0.06119964585972145,0.10731885508833498,0
1132,-0.4408195601280106,-0.19153913075820725,2
1133,0.40884269284435626,0.4360510903311597,0
1134,0.250587604172797,0.55251805017403,0
1135,-0.4480468633479802,0.685962332503968,1
1136,0.28155682673482163,0.04453338673918939,0
1137,0.2434603710937259,0.30958775493640334,0
1138,0.19694095407102868,-0.09433593468361708,0
1139,-0.2869788163140542,-0.15802301401029065,2
1140,-0.25833030044894106,-0.5444443683595162,2
1141,-0.5181947120089941,0.5964691280703562,1
1142,-0.17281985822630064,-0.6001887638921448,2
1143,-0.17954088580966285,0.2100332740213033,0
1144,0.25530193573297705,0.37215535800191507,0
1145,0.09672896952725428,-0.2939704685425148,2
1146,-0.008459800883080426,-0.22672899519831768,2
1147,0.27566459085114153,0.39131490095057697,0
1148,-0.04840773837068534,-0.003024197029685806,2
1149,-0.7935152189574358,-0.23607797254422364,1
1150,0.26962078468987605,0.16770818475698226,0
1151,0.3131871635041067,0.2293110142563604,0
1152,0.22087625399593427,-0.5858876751265084,2
1153,0.06255969790100306,-0.15007636695178644,2
1154,-0.03936534755648839,0.06447467421421885,0
1155,0.17841954766755602,0.033175564081185424,0
1156,0.20798575675489792,-0.21587858333299365,2
1157,0.15509792342258938,-0.46506147379202895,2
1158,0.21616188334555475,-0.01679786776902247,0
1159,-0.11852373070719219,-0.4534754289194956,2
1160,0.6062662428578406,-0.28055431541161147,0
1161,-0.20158336294083626,-1.002935636093976,2
1162,-0.6428917883025187,0.9969424969226911,1
1163,-1.0797092326604636,0.18301668798453127,1
1164,0.013298700744539881,-0.7921039242130404,2
1165,0.00162585942680921,0.013634659169843076,0
1166,0.06067494193409786,-0.5240731135556982,2
1167,-0.47788471328239285,-0.17952923252796865,2
1168,0.26672064213738517,0.48386014333568456,0
1169,-0.6547541174112528,0.857746668840063,1
1170,0.09729946559912256,-0.26465653768582953,2
1171,0.39385901213887275,0.5318032678903003,0
1172,0.3296380320209804,0.24143641416660502,0
1173,0.22393599477693574,-0.20687917569839542,2
1174,0.6339340922194335,-0.05831077933705642,0
1175,0.15842114254460266,0.06078136891625495,0
1176,-0.6516218338798567,0.9540443142381426,1
1177,0.12935835641056093,0.14462752955296812,0
1178,0.26843924377876555,0.4150691025077654,0
1179,-0.21961637956503538,-0.14315715058629813,2
1180,-0.2302543109938503,-0.43141394009306056,2
1181,-0.15384665739803882,-0.7003167529558065,2
1182,-0.15301924886598228,0.22737122317457217,0
1183,-0.6709002950943928,0.6540899818505476,1
1184,-0.05401536590692614,0.08671125003182675,0
1185,-0.2348290316165061,-0.21061730877466678,2
1186,0.7098361999442806,-0.1206227454060626,0
1187,-0.11141594621412523,0.749315604041011,1
1188,0.15743654363916462,-0.6523900805113311,2
1189,0.29784035994260494,-0.1943140564391227,0
1190,-0.07052962442087177,0.32661865976443877,0
1191,0.6710187769488218,-0.0076131838582514455,0
1192,0.02542642717709835,-0.28920265938784673,2
1193,0.6486397169152447,-0.13095344337319173,0
1194,0.2530590464289983,0.001746203979962775,0
1195,-0.17549399053654546,-0.4358672615739478,2
1196,0.3185967031200908,0.18286669461460595,0
1197,-0.30091053082316516,0.002074279212416364,2
1198,0.6684750007773855,-0.5646542854582317,2
1199,-0.032709273433208334,-0.6870819966695814,2
1200,-0.06974331644186166,-0.28893812549027803,2
1201,0.10730990268433033,-0.3073932831398146,2
1202,0.4653740849471771,0.17304197362410395,0
1203,0.7416638758323942,-0.20992692487296158,0
1204,0.07363919724288949,0.5987140679447323,0
1205,0.3199247098206671,0.36578401854600656,0
1206,-0.8221170130618707,1.0309686206483566,1
1207,-0.10210400203665682,0.23590124074596844,0
1208,-0.11146112294769112,-0.32457009954990607,2
1209,0.12828701016942565,0.43077498706755235,0
1210,0.5549314390501794,-0.48080848550136707,2
1211,0.0814770896307338,0.10510871732990287,0
1212,-0.18437604344176708,-0.3114621525973035,2
1213,0.12792138591975452,-0.45089645477053636,2
1214,-0.10018353487844926,-0.7272322654905771,2
1215,0.14523606946224535,-0.5317846082457981,2
1216,0.03278082333034837,0.007980105640165686,0
1217,-0.8708158617872721,0.22449237780987152,1
1218,0.5773315669452941,-0.3315661860125407,0
1219,-0.1564716456881334,-0.2761256214176428,2
1220,0.23829223758003654,-0.44822359765618974,2
1221,-0.15264391984774792,-0.23685313670908867,2
1222,0.2673734525574916,0.16659002254530678,0
1223,0.11537830955717826,0.03996252160422501,0
1224,0.26642115212391027,0.3440763957365886,0
1225,0.038432610446554605,-0.5744762820834214,2
1226,-0.037261272498277924,-0.5620488133182169,2
1227,-0.07907612381279014,-0.18664109630680964,2
1228,0.6798203049709935,-0.22467159335660258,0
1229,-0.0388456261096762,-0.7551962131906224,2
1230,-0.5644752288250895,0.3833704023057848,1
1231,0.045535525958067875,-0.29039846480940784,2
1232,0.563682966998236,-0.0015268751536261392,0
1233,0.42520989140603993,-0.24192965521145762,0
1234,-0.21654727425541304,-0.12389387571719557,2
1235,-0.31433589164726466,-0.10276410784483768,2
1236,-0.42548466199445856,-0.23738392616725407,2
1237,-0.2619256520974329,1.007536936866979,1
1238,0.08179040776565448,0.31330515256785063,0
1239,0.004957311466260319,0.20911841278452814,0
1240,0.11318273062235189,0.34415096226001635,0
1241,-0.25738772106609625,-0.7662518829479927,2
1242,0.002503885858014422,0.029510852538488463,0
1243,0.23094694437305782,0.3541300615197304,0
1244,0.29935803240994074,0.4178683764937155,0
1245,-0.07879911256459614,-0.5977373530672824,2
1246,0.006058593344893227,-0.16067026067597726,2
1247,0.563296832872276,0.2627457204646084,0
1248,0.022468290968283768,0.35277505405048637,0
1249,0.23567893430023562,-0.6408927439969139,2
1250,-0.24262365349467627,-0.06569246866401933,2
1251,-0.027088822354059024,-0.197411764183442,2
1252,0.2324911382360859,-0.045297324850134685,0
1253,-0.4503586706608987,-0.15417621175350865,2
1254,-0.44558505440561313,0.7769408107289301,1
1255,-0.034684481058624435,-0.5707499508817819,2
1256,-0.1777126531094975,-0.20964276647672198,2
1257,0.8002954480638649,0.2223358605308415,0
1258,-0.04468387158519444,-0.4200950734374565,2
1259,0.5850649877277222,-0.32746407100580827,0
1260,-0.22163974997490102,-0.4969278512078453,2
1261,0.3958532540713932,0.4226664710483543,0
1262,0.3409314564110062,0.6507909650307114,0
1263,0.3267160004442011,0.3227219307098726,0
1264,0.31533788490617126,0.2401499490358678,0
1265,0.37940175298250506,0.36088066947375524,0
1266,0.3704306556220723,0.22921117953887313,0
1267,-0.2531606615200267,-0.3946995268378401,2
1268,0.5928150534208828,-0.009195322576067203,0
1269,0.7434926706088048,0.2621668740646449,0
1270,0.3992147655800254,0.48239993170376994,0
1271,-0.3072725615329416,-0.1425901066315775,2
1272,-0.2626680536023243,0.008477645647018568,2
1273,-0.9705084651487103,0.08400138490375693,1
1274,0.05413691084509712,-0.6177097949777643,2
1275,0.47024607750009356,0.4790907252856039,0
1276,-0.011351341265470246,-0.7050285011912487,2
1277,0.230843471464117,0.06609061368625635,0
1278,0.43168304911736205,0.4079432019668443,0
1279,-0.12095835907618299,-0.7074362863889543,2
1280,0.25645865432141196,-0.006588391908943998,0
1281,-0.7908477623237913,0.13193337283722903,1
1282,0.47512137918937475,0.34065902336566395,0
1283,0.18904453649470618,0.10330437995602477,0
1284,-0.1468460869194564,-0.4289179626919371,2
1285,0.38238211653045034,0.5386881063582091,0
1286,0.45750661442310453,0.4277409145329736,0
1287,-0.21609080183768264,0.18999027660675957,0
1288,0.48590776719138,0.28402672460300055,0
1289,-0.41018260661609873,0.8208442107105002,1
1290,0.387934273120802,-0.3231753693114909,2
1291,-0.4175895351160472,-0.5916644209377075,2
1292,0.19468078187463814,0.35788558131112,0
1293,-0.10343329658054255,-0.5680145750617989,2
1294,-1.1952695803334277,0.3674268729281191,1
1295,-1.0459380515671164,-0.23369146761401746,1
1296,-0.10327563428850742,0.24605543255808465,0
1297,-1.0085716941029474,0.11049920906050333,1
1298,0.2786949438716456,0.3663239368253037,0
1299,-0.4426547388002357,0.9047789781300619,1
1300,0.6345856340877845,-0.34584281988970883,0
1301,0.21546351653357437,0.047372525622363854,0
1302,0.23569580651733416,-0.3317026376780934,2
1303,0.03652752235168425,-0.690259243423791,2
1304,-0.07671571587084877,-0.40122991634227534,2
1305,0.20200885234545604,-0.43140609761863574,2
1306,-1.0540952009879596,0.3056087122940051,1
1307,-0.015978284483072425,0.30518211766072806,0
1308,-0.06958192060627841,-0.2855511351297585,2
1309,0.2294839423603344,0.20171239678504344,0
1310,-0.8477999619372006,-0.4840738453398366,2
1311,0.16727671319947335,0.3520202696865571,0
1312,0.32020226712116673,0.2712794825869096,0
1313,0.435822422607868,0.2171134820678717,0
1314,0.35821732741455253,-0.10281190685476893,0
1315,-0.29838241977864194,-0.1484503009520001,2
1316,-0.21092048134148092,-0.4757575331473348,2
1317,0.3035225757810577,0.4018809789925019,0
1318,-0.1373602353162516,-0.5812744483543226,2
1319,0.2558557403448426,0.3620372674349413,0
1320,-0.9459556326136952,0.5038454976743437,1
1321,-0.3933334463908623,-0.03222328475135869,2
1322,-1.0239410935614963,0.022215370830254565,1
1323,-0.09942470803261576,-0.5554739873539117,2
1324,-0.8282818736409415,0.06858012779573995,1
1325,0.4939741554462565,-0.227617082845812,0
1326,-0.6500642225418587,-0.5361935621294086,2
1327,0.057408402293423644,-0.5612064278590388,2
1328,0.316342964991388,-0.4080185278748426,2
1329,0.3118139886175678,0.11640810182440102,0
1330,-0.08890993760499426,-0.7609561127515584,2
1331,-0.5130083823901064,0.5127716350769276,1
1332,-0.0452178093955695,-0.7723860934242349,2
1333,-0.25974836902463827,0.8896797990796752,1
1334,-0.6857729679354079,0.7164384882487714,1
1335,0.10310123854569452,-0.5350430671670471,2
1336,-0.11511430800413554,0.34078565242425385,0
1337,0.25334113854784085,-0.43774836457277294,2
1338,0.09217184230182374,-0.5249050884010089,2
1339,0.5852589986816258,-0.22417297143413706,0
1340,0.004272375001398416,-0.6118071764763671,2
1341,0.4851485126137401,0.21641420483244664,0
1342,0.5660528473998705,0.19999809956665326,0
1343,0.9390882521052056,-0.42215238219425927,0
1344,-0.9594891525472256,0.04722947761858834,1
1345,0.7151181094358603,-0.1832547535528115,0
1346,0.2821169286567486,0.18828896606387877,0
1347,-0.26545128701454235,0.7957593378527161,1
1348,0.21610236889118517,-0.3794638348888581,2
1349,-0.8861140514225244,-0.3649151789589088,1
1350,-0.18916170305450247,0.14809170436251445,0
1351,-0.06486593197279589,-0.4397861781407704,2
1352,-0.8184990755051861,0.19276547602065305,1
1353,-0.9031520356773386,0.4890869037165735,1
1354,0.808413041449501,0.007240597301321431,0
1355,-0.16962484268314917,-0.2576556250619889,2
1356,0.07818140720961746,-0.023839108480424333,0
1357,0.39298666948179267,-0.11912075296264196,0
1358,0.44363175909823777,0.26457309535336543,0
1359,0.19466302444512684,0.11250466734885596,0
1360,0.4015068429168037,-0.1993156531628194,0
1361,0.33476882439166294,0.5722140750884893,0
1362,-0.073809926225287,-0.6394768867357049,2
1363,-0.38357113898098544,0.03768189325378332,1
1364,0.508970514311541,-0.079525636186462,0
1365,-0.8715576622219601,0.26542765088838727,1
1366,-0.5809895583891878,0.5921029874969728,1
1367,0.15852531198331726,0.00784016544155192,0
1368,-1.0169107881544717,0.5024125053983168,1
1369,-0.04370565428560215,-0.55786764957097,2
1370,-0.6906466758157421,-0.03197330690964806,1
1371,0.2272319147657287,-0.49163846721350946,2
1372,0.005371164804379935,0.3324169997247469,0
1373,0.22356037818294341,-0.17379440657583745,2
1374,0.5072788348336883,0.23124335454724354,0
1375,0.8757531274083076,-0.5832195591334441,2
1376,-0.13938183374556476,0.015075083960810072,2
1377,0.24275100353641396,-0.19709830136126127,2
1378,0.7258242829451634,-0.2558501509771631,0
1379,-0.01888828098041284,-0.7306997175389268,2
1380,0.6907153490406072,-0.17221358778191218,0
1381,0.20667964640362516,0.048950897561063404,0
1382,0.14156888243636218,-0.07652205024542671,0
1383,-0.699256778808246,0.530641393634687,1
1384,0.0917468790735662,-0.30487563722926087,2
1385,-0.13116929305049066,-0.1606516144830943,2
1386,-0.09841795666724192,-0.08187492979767626,2
1387,-0.3522238067910871,0.029829971125933642,2
1388,0.3312416855445849,0.005851103555840853,0
1389,-0.8870266517084244,0.5963417730314565,1
1390,-0.8612892437277031,0.02988632990926669,1
1391,-0.3093993617390583,0.8134466320873659,1
1392,0.10670396609219937,-0.16584854595623869,2
1393,0.08555077953064252,-0.49976239523807353,2
1394,-0.9206014320540657,0.05517534106317621,1
1395,-0.382807147161783,-0.16926381135135338,2
1396,-0.0477344351439182,-0.20993818726089508,2
1397,-0.8240349772714627,0.06054639858360379,1
1398,-0.3773950626469664,-0.24513865883707617,2
1399,-0.3717615840705926,-0.05040939629612138,2
1400,-0.5036623550652493,0.8287604601461049,1
1401,-0.0822265561289495,-0.7994245203537036,2
1402,0.01268254303235377,-0.4872687184740684,2
1403,-0.15793739228373638,-0.5771566139104691,2
1404,-0.047125581260051466,-0.5073084239292538,2
1405,-0.2869633136619359,0.15430672641394494,1
1406,0.3427520325372526,0.3312675981089795,0
1407,0.14077989337295294,-0.5836337971490045,2
1408,0.2782605867238693,0.5041653839386012,0
1409,-0.08032061885022933,-0.31680242821603255,2
1410,-0.004878231281392621,0.16132845912738206,0
1411,-0.8964158227621575,0.39972366976733237,1
1412,0.5248933232373527,-0.29398183091897684,0
1413,-0.42826262359854056,-0.46986897945866285,2
1414,-0.12107154060515364,0.22703803400212116,0
1415,-0.1638217316220428,-0.7595239645444888,2
1416,-0.15324684365091393,0.2578347746329785,0
1417,-0.6569359920247643,0.8253699278552658,1
1418,-0.8110738480717762,0.7397489885443932,1
1419,-0.1136915425628621,-0.3289950864964703,2
1420,-0.6407574686390641,0.28487513492441485,1
1421,-0.5833760635366249,0.7198970599539196,1
1422,0.2112133898650949,0.38068728129350204,0
1423,0.13043871556975398,0.32818429105051045,0
1424,-0.9460470564808295,-0.2110771414959586,1
1425,0.12119529027242608,-0.15692798542579894,2
1426,0.3050061498496374,0.1442357538061889,0
1427,0.025663974253084806,-0.6209959196071007,2
1428,-0.07208701048989534,-0.46137034869000026,2
1429,-0.16185969748849308,0.027720685953573337,2
1430,-0.4405966881017619,-0.08068894626912379,2
1431,-0.395868540033449,-0.2364808611571998,2
1432,-0.9170205133902825,-0.2026045978489979,1
1433,0.4932696120803417,0.4188165997420027,0
1434,-0.7487476006201771,-0.06618902340873706,1
1435,0.0347727767817325,-0.7595256688899906,2
1436,-1.2143428821476903,-0.27840737418208433,1
1437,-0.14511464184526457,-0.23887249212926184,2
1438,-0.20308578581953568,-0.5315394200311894,2
1439,0.1906975215583117,0.38151712420687567,0
1440,0.013415110922538786,0.15015102078798945,0
1441,0.06168194087073366,-0.22534515796668964,2
1442,-0.24346718242689833,-0.3825572061381861,2
1443,-0.14355596919831112,-0.5446723992292802,2
1444,-1.0076626683232048,0.14913348412919764,1
1445,0.5657187762374162,0.2083516250136831,0
1446,0.46471270649507074,-0.016640761525223216,0
1447,0.1589551865727916,0.16396851032318138,0
1448,-0.7356708095814427,0.22760061132669235,1
1449,0.13606029297240077,0.09033371918181823,0
1450,0.00441713297125246,-0.15392458272910672,2
1451,0.32719818662484734,0.35109271398729297,0
1452,0.126844525677767,0.3684263803129375,0
1453,-0.4557863458578497,0.9109994638029593,1
1454,-0.07882345215442886,-0.12955070582518124,2
1455,-0.653889365074339,0.9478292307103727,1
1456,-1.2535388278240445,0.1405898614734741,1
1457,0.11648644978506695,-0.6659919193115053,2
1458,-0.9045786324297402,0.7729129783102171,1
1459,-0.2682678034859663,-0.18446920950889478,2
1460,-0.1557614889035971,-0.4662337832615898,2
1461,0.40531498081594214,0.24348721827169742,0
1462,0.35248943201308625,0.11375193120747912,0
1463,0.19554430246399093,0.16315658395653995,0
1464,-0.0360730035193001,0.07223138345831462,0
1465,0.5055759463060605,0.296942261185165,0
1466,0.19315646346082116,0.05529406363681725,0
1467,0.35492349810715546,-0.14596747538233426,0
1468,0.09727292006864273,-0.13612206936151747,2
1469,0.38450708870541195,0.45786907910215113,0
1470,-0.9087362401063918,0.7619677233196075,1
1471,0.650588403093006,-0.2034171264326857,0
1472,0.5521095450884872,-0.3960608856522651,2
1473,-0.48684376372111615,0.719673698863686,1
1474,-0.24587993417285978,-0.29097143373334655,2
1475,-0.40070872705411126,0.006588482154930254,1
1476,-0.15003834063484234,-0.10477322455321149,2
1477,-0.7931064785236558,0.6751827949106063,1
1478,0.5137989448587816,0.04204589564963584,0
1479,0.13377201004214434,0.3192831678245289,0
1480,-0.00807329182658454,0.09193638096708129,0
1481,-0.03152172778900775,-0.23428514127372307,2
1482,0.3499533622007464,-0.018935301457101844,0
1483,0.38075107759126714,0.27411512330641646,0
1484,-0.4730787042179188,0.38214377491685214,1
1485,0.2449182117838327,-0.3051234691596808,2
1486,0.542214157626896,-0.14064166454688715,0
1487,-0.36845644466713945,-0.05363438571179185,2
1488,0.17137331568155983,0.05256968661139728,0
1489,-0.10255726057953135,0.05866125855166472,0
1490,0.3847568453168431,-0.35804806138322637,2
1491,-0.18424591169321683,0.8354314562486412,1
1492,0.23664134924099703,-0.5696682786843381,2
1493,-0.1375191765478851,-0.2889383712579516,2
1494,0.34691659396155355,0.5834702036852858,0
1495,-0.09025842470346024,0.2026314992308663,0
1496,0.20360377767706325,0.47046703074061597,0
1497,0.3324204632185808,0.171169841395838,0
1498,0.4427568164501775,-0.1755154599912055,0
1499,-0.13125896768047174,-0.26194903376063144,2
